<?xml version = '1.0' encoding = 'UTF-8'?>
<hwTaskFlows xmlns="http://xmlns.oracle.com/bpel/workflow/hwTaskFlowProperties">
   <ApplicationName>worklist</ApplicationName>
   <LookupType>LOCAL</LookupType>
   <TaskFlowDeploy>false</TaskFlowDeploy>
   <TaskFlowServer>
      <hostName/>
      <httpPort/>
      <httpsPort/>
   </TaskFlowServer>
   <hwTaskFlow>
      <WorkflowName>Humantask_ConfirmOrder</WorkflowName>
      <TaskDefinitionNamespace>http://xmlns.oracle.com/SOA_VM_Application/NotifyInventoryChange/Humantask_ConfirmOrder</TaskDefinitionNamespace>
      <TaskFlowId>Humantask_ConfirmOrder_TaskFlow</TaskFlowId>
      <TaskFlowFileName>WEB-INF/Humantask_ConfirmOrder_TaskFlow.xml</TaskFlowFileName>
   </hwTaskFlow>
</hwTaskFlows>
