<?xml version = '1.0' encoding = 'UTF-8'?>
<Faults>
   <Fault>
      <severity>warning</severity>
      <loc/>
      <line/>
      <col/>
      <file>Humantask_ConfirmOrder.task</file>
      <name>Humantask_ConfirmOrder.task</name>
      <fix/>
      <msg>Error assignee not specified</msg>
   </Fault>
   <Fault>
      <severity>warning</severity>
      <loc/>
      <line>184</line>
      <col/>
      <file>BPELProcess_NotifyInventoryChange.bpel</file>
      <name>BPELProcess_NotifyInventoryChange.bpel</name>
      <fix>Add a predicate to select an element from the sequence.</fix>
      <msg>The XPath segment "child::ns4:Adjustment" selects a sequence of elements - a predicate MAY be needed to correctly select an element.</msg>
   </Fault>
   <Fault>
      <severity>warning</severity>
      <loc/>
      <line>188</line>
      <col/>
      <file>BPELProcess_NotifyInventoryChange.bpel</file>
      <name>BPELProcess_NotifyInventoryChange.bpel</name>
      <fix>Add a predicate to select an element from the sequence.</fix>
      <msg>The XPath segment "child::ns4:Adjustment" selects a sequence of elements - a predicate MAY be needed to correctly select an element.</msg>
   </Fault>
   <Fault>
      <severity>warning</severity>
      <loc/>
      <line>362</line>
      <col/>
      <file>BPELProcess_NotifyInventoryChange.bpel</file>
      <name>BPELProcess_NotifyInventoryChange.bpel</name>
      <fix>Add a predicate to select an element from the sequence.</fix>
      <msg>The XPath segment "child::ns4:Adjustment" selects a sequence of elements - a predicate MAY be needed to correctly select an element.</msg>
   </Fault>
   <Fault>
      <severity>warning</severity>
      <loc/>
      <line>374</line>
      <col/>
      <file>BPELProcess_NotifyInventoryChange.bpel</file>
      <name>BPELProcess_NotifyInventoryChange.bpel</name>
      <fix>Add a predicate to select an element from the sequence.</fix>
      <msg>The XPath segment "child::ns4:Adjustment" selects a sequence of elements - a predicate MAY be needed to correctly select an element.</msg>
   </Fault>
   <Fault>
      <severity>warning</severity>
      <loc/>
      <line>436</line>
      <col/>
      <file>BPELProcess_NotifyInventoryChange.bpel</file>
      <name>BPELProcess_NotifyInventoryChange.bpel</name>
      <fix>Add a predicate to select an element from the sequence.</fix>
      <msg>The XPath segment "child::ns4:Adjustment" selects a sequence of elements - a predicate MAY be needed to correctly select an element.</msg>
   </Fault>
   <Fault>
      <severity>warning</severity>
      <loc/>
      <line>450</line>
      <col/>
      <file>BPELProcess_NotifyInventoryChange.bpel</file>
      <name>BPELProcess_NotifyInventoryChange.bpel</name>
      <fix>Add a predicate to select an element from the sequence.</fix>
      <msg>The XPath segment "child::ns4:Adjustment" selects a sequence of elements - a predicate MAY be needed to correctly select an element.</msg>
   </Fault>
   <Fault>
      <severity>warning</severity>
      <loc/>
      <line>474</line>
      <col/>
      <file>BPELProcess_NotifyInventoryChange.bpel</file>
      <name>BPELProcess_NotifyInventoryChange.bpel</name>
      <fix>Add a predicate to select an element from the sequence.</fix>
      <msg>The XPath segment "child::ns4:Adjustment" selects a sequence of elements - a predicate MAY be needed to correctly select an element.</msg>
   </Fault>
   <Fault>
      <severity>warning</severity>
      <loc/>
      <line>488</line>
      <col/>
      <file>BPELProcess_NotifyInventoryChange.bpel</file>
      <name>BPELProcess_NotifyInventoryChange.bpel</name>
      <fix>Add a predicate to select an element from the sequence.</fix>
      <msg>The XPath segment "child::ns4:Adjustment" selects a sequence of elements - a predicate MAY be needed to correctly select an element.</msg>
   </Fault>
   <Fault>
      <severity>warning</severity>
      <loc/>
      <line>513</line>
      <col/>
      <file>BPELProcess_NotifyInventoryChange.bpel</file>
      <name>BPELProcess_NotifyInventoryChange.bpel</name>
      <fix>Add a predicate to select an element from the sequence.</fix>
      <msg>The XPath segment "child::ns4:Adjustment" selects a sequence of elements - a predicate MAY be needed to correctly select an element.</msg>
   </Fault>
   <Fault>
      <severity>warning</severity>
      <loc/>
      <line>527</line>
      <col/>
      <file>BPELProcess_NotifyInventoryChange.bpel</file>
      <name>BPELProcess_NotifyInventoryChange.bpel</name>
      <fix>Add a predicate to select an element from the sequence.</fix>
      <msg>The XPath segment "child::ns4:Adjustment" selects a sequence of elements - a predicate MAY be needed to correctly select an element.</msg>
   </Fault>
   <Fault>
      <severity>warning</severity>
      <loc/>
      <line>547</line>
      <col/>
      <file>BPELProcess_NotifyInventoryChange.bpel</file>
      <name>BPELProcess_NotifyInventoryChange.bpel</name>
      <fix>Add a predicate to select an element from the sequence.</fix>
      <msg>The XPath segment "child::ns4:Adjustment" selects a sequence of elements - a predicate MAY be needed to correctly select an element.</msg>
   </Fault>
   <Fault>
      <severity>warning</severity>
      <loc/>
      <line>561</line>
      <col/>
      <file>BPELProcess_NotifyInventoryChange.bpel</file>
      <name>BPELProcess_NotifyInventoryChange.bpel</name>
      <fix>Add a predicate to select an element from the sequence.</fix>
      <msg>The XPath segment "child::ns4:Adjustment" selects a sequence of elements - a predicate MAY be needed to correctly select an element.</msg>
   </Fault>
   <Fault>
      <severity>warning</severity>
      <loc/>
      <line>637</line>
      <col/>
      <file>BPELProcess_NotifyInventoryChange.bpel</file>
      <name>BPELProcess_NotifyInventoryChange.bpel</name>
      <fix>Types must be compatible.</fix>
      <msg>The from-spec of "ns4:AdjustmentHeader" is not compatible with to-spec of "ns11:AdjustmentHeader"</msg>
   </Fault>
   <Fault>
      <severity>warning</severity>
      <loc/>
      <line>642</line>
      <col/>
      <file>BPELProcess_NotifyInventoryChange.bpel</file>
      <name>BPELProcess_NotifyInventoryChange.bpel</name>
      <fix>Add a predicate to select an element from the sequence.</fix>
      <msg>The XPath segment "child::ns4:Adjustment" selects a sequence of elements - a predicate MAY be needed to correctly select an element.</msg>
   </Fault>
</Faults>
