<?xml version = '1.0' encoding = 'UTF-8'?>
<graphics>
   <diagram optimizeLayout="false" popupEditor="true" fixedWidthSwimlanes="true" roundedPartnerlinks="true" centerZoom="true" validateOnLoad="true" confirmBeforeDelete="true" selectedPartnerLinkColor="0,0,153" swimlaneBackground="240,240,240" swimlaneDividerBackground="218,218,218" graphBackground="255,255,255" selectedBorderBackground="49,105,198" connectedPartnerLinkColor="204,204,255" connectablePartnerLinkColor="0,0,255" unconnectedPartnerLinkColor="192,192,192"/>
   <annotationfile/>
   <iconize/>
   <partnerlink_locations>
      <partnerlink name="bpelprocess_notifyinventorychange_ep" x="1" y="1751" side="left"/>
      <partnerlink name="PL_UpdateCableInventory" x="1232" y="1568" side="right"/>
   </partnerlink_locations>
   <graph_layout viewport="0,908,772,368" show_swimlanes="true">
      <layout_item collapsed="false" xpath="/process" type="process" showhandlers="true"/>
      <layout_item collapsed="false" xpath="/process/sequence" type="sequence"/>
      <layout_item collapsed="false" xpath="/process/sequence/pick" type="pick"/>
      <layout_item collapsed="false" xpath="/process/sequence/pick/onMessage[1]" type="onMessage"/>
      <layout_item collapsed="false" xpath="/process/sequence/pick/onMessage[2]" type="onMessage"/>
      <layout_item collapsed="false" xpath="/process/sequence/scope[1]" type="scope" showhandlers="true"/>
      <layout_item collapsed="false" xpath="/process/sequence/scope[2]" type="scope" showhandlers="true"/>
      <layout_item collapsed="false" xpath="/process/sequence/scope[2]/sequence" type="sequence"/>
      <layout_item collapsed="false" xpath="/process/sequence/scope[2]/sequence/if/sequence" type="sequence"/>
      <layout_item collapsed="false" xpath="/process/sequence/scope[2]/sequence/if/sequence/scope" type="scope" showhandlers="true"/>
      <layout_item collapsed="false" xpath="/process/sequence/scope[2]/sequence/if/sequence/scope/faultHandlers/catch" type="catch"/>
      <layout_item collapsed="false" xpath="/process/sequence/scope[2]/sequence/if/sequence/scope/faultHandlers/catch/sequence" type="sequence"/>
      <layout_item collapsed="false" xpath="/process/sequence/scope[2]/sequence/if/sequence/scope/sequence" type="sequence"/>
      <layout_item collapsed="false" xpath="/process/sequence/scope[3]" type="scope" showhandlers="true"/>
      <layout_item collapsed="false" xpath="/process/sequence/scope[3]/faultHandlers/catch[1]" type="catch"/>
      <layout_item collapsed="false" xpath="/process/sequence/scope[3]/faultHandlers/catch[2]" type="catch"/>
      <layout_item collapsed="false" xpath="/process/sequence/scope[3]/sequence" type="sequence"/>
      <layout_item collapsed="false" xpath="/process/sequence/scope[3]/sequence/if/scope" type="scope" showhandlers="true"/>
      <layout_item collapsed="false" xpath="/process/sequence/scope[3]/sequence/if/scope/sequence" type="sequence"/>
   </graph_layout>
   <bookmarks/>
</graphics>
