<?xml version="1.0" encoding="UTF-8" ?>
<!-- Generated by Oracle SOA Modeler version 1.0 at [6/28/12 9:38 PM]. -->
<composite name="NotifyInventoryChange" revision="1.0"
           label="2012-06-28_21-38-50_678" mode="active" state="on"
           xmlns="http://xmlns.oracle.com/sca/1.0"
           xmlns:xs="http://www.w3.org/2001/XMLSchema"
           xmlns:wsp="http://schemas.xmlsoap.org/ws/2004/09/policy"
           xmlns:orawsp="http://schemas.oracle.com/ws/2006/01/policy"
           xmlns:ui="http://xmlns.oracle.com/soa/designer/">
  <import namespace="http://virginmedia/wsdl/UpdateCableInventory/1/0"
          location="mockUpdateCableInventoryBinding.wsdl" importType="wsdl"/>
  <import namespace="http://virginmedia/wsdl/NotifyInventoryChange/0/1"
          location="WSDL_NotifyInventoryChange.wsdl" importType="wsdl"/>
  <service name="bpelprocess_notifyinventorychange_ep"
           ui:wsdlLocation="WSDL_NotifyInventoryChange.wsdl">
    <interface.wsdl interface="http://virginmedia/wsdl/NotifyInventoryChange/0/1#wsdl.interface(VirginMediaPortType)"/>
    <binding.ws port="http://virginmedia/wsdl/NotifyInventoryChange/0/1#wsdl.endpoint(bpelprocess_notifyinventorychange_ep/VirginMediaPort)">
      <property name="weblogic.wsee.wsat.transaction.flowOption"
                type="xs:string" many="false">NEVER</property>
    </binding.ws>
  </service>
  <property name="validateSchema" type="xs:boolean" many="false">false</property>
  <component name="BPELProcess_NotifyInventoryChange" version="2.0">
    <implementation.bpel src="BPELProcess_NotifyInventoryChange.bpel"/>
    <property name="bpel.config.transaction" type="xs:string" many="false">required</property>
    <property name="bpel.config.oneWayDeliveryPolicy" type="xs:string"
              many="false">async.persist</property>
    <property name="configuration.sensorActionLocation" type="xs:string"
              many="false">BPELProcess_NotifyInventoryChange_sensorAction.xml</property>
    <property name="configuration.sensorLocation" type="xs:string" many="false">BPELProcess_NotifyInventoryChange_sensor.xml</property>
  </component>
  <reference name="PL_UpdateCableInventory"
             ui:wsdlLocation="mockUpdateCableInventoryBinding.wsdl">
    <interface.wsdl interface="http://virginmedia/wsdl/UpdateCableInventory/1/0#wsdl.interface(VirginMediaPortType)"/>
    <binding.ws port="http://virginmedia/wsdl/UpdateCableInventory/1/0#wsdl.endpoint(UpdateCableInventory/VirginMedia)"
                location="mockUpdateCableInventoryBinding.wsdl"
                soapVersion="1.1">
      <property name="weblogic.wsee.wsat.transaction.flowOption"
                type="xs:string" many="false">WSDLDriven</property>
    </binding.ws>
  </reference>
  <wire>
    <source.uri>BPELProcess_NotifyInventoryChange/PL_UpdateCableInventory</source.uri>
    <target.uri>PL_UpdateCableInventory</target.uri>
  </wire>
  <wire>
    <source.uri>bpelprocess_notifyinventorychange_ep</source.uri>
    <target.uri>BPELProcess_NotifyInventoryChange/bpelprocess_notifyinventorychange_ep</target.uri>
  </wire>
</composite>
