<?xml version="1.0" encoding="UTF-8" ?>
<JavaBean xmlns="http://xmlns.oracle.com/adfm/beanmodel" version="11.1.1.61.92"
          id="Address" Package="NotifyInventoryChange_Humantask_ConfirmOrder"
          BeanClass="NotifyInventoryChange_Humantask_ConfirmOrder.Address"
          isJavaBased="false">
  <Attribute Name="line1" IsUpdateable="0" Type="java.lang.String">
    <Properties>
      <CustomProperties>
        <Property Name="nextSiblingNamespace"
                  Value="http://virginmedia/schema/Location"/>
        <Property Name="maxLength" Value="35"/>
        <Property Name="nextSibling" Value="line2"/>
        <Property Name="minOccurs" Value="0"/>
        <Property Name="maxOccurs" Value="1"/>
        <Property Name="LABEL" Value="Line 1"/>
        <Property Name="LeafElement_hint" Value="LeafElement_no_attribute"/>
        <Property Name="nillable" Value="false"/>
        <Property Name="originalName" Value="line1"/>
        <Property Name="targetNamespace"
                  Value="http://virginmedia/schema/Location"/>
        <Property Name="type" Value="java.lang.String"/>
      </CustomProperties>
    </Properties>
  </Attribute>
  <Attribute Name="line2" IsUpdateable="0" Type="java.lang.String">
    <Properties>
      <CustomProperties>
        <Property Name="nextSiblingNamespace"
                  Value="http://virginmedia/schema/Location"/>
        <Property Name="maxLength" Value="35"/>
        <Property Name="nextSibling" Value="line3"/>
        <Property Name="minOccurs" Value="0"/>
        <Property Name="maxOccurs" Value="1"/>
        <Property Name="LABEL" Value="Line 2"/>
        <Property Name="LeafElement_hint" Value="LeafElement_no_attribute"/>
        <Property Name="nillable" Value="false"/>
        <Property Name="originalName" Value="line2"/>
        <Property Name="targetNamespace"
                  Value="http://virginmedia/schema/Location"/>
        <Property Name="type" Value="java.lang.String"/>
      </CustomProperties>
    </Properties>
  </Attribute>
  <Attribute Name="line3" IsUpdateable="0" Type="java.lang.String">
    <Properties>
      <CustomProperties>
        <Property Name="nextSiblingNamespace"
                  Value="http://virginmedia/schema/Location"/>
        <Property Name="maxLength" Value="35"/>
        <Property Name="nextSibling" Value="line4"/>
        <Property Name="minOccurs" Value="0"/>
        <Property Name="maxOccurs" Value="1"/>
        <Property Name="LABEL" Value="Line 3"/>
        <Property Name="LeafElement_hint" Value="LeafElement_no_attribute"/>
        <Property Name="nillable" Value="false"/>
        <Property Name="originalName" Value="line3"/>
        <Property Name="targetNamespace"
                  Value="http://virginmedia/schema/Location"/>
        <Property Name="type" Value="java.lang.String"/>
      </CustomProperties>
    </Properties>
  </Attribute>
  <Attribute Name="line4" IsUpdateable="0" Type="java.lang.String">
    <Properties>
      <CustomProperties>
        <Property Name="nextSiblingNamespace"
                  Value="http://virginmedia/schema/Location"/>
        <Property Name="maxLength" Value="35"/>
        <Property Name="nextSibling" Value="postTown"/>
        <Property Name="minOccurs" Value="0"/>
        <Property Name="maxOccurs" Value="1"/>
        <Property Name="LABEL" Value="Line 4"/>
        <Property Name="LeafElement_hint" Value="LeafElement_no_attribute"/>
        <Property Name="nillable" Value="false"/>
        <Property Name="originalName" Value="line4"/>
        <Property Name="targetNamespace"
                  Value="http://virginmedia/schema/Location"/>
        <Property Name="type" Value="java.lang.String"/>
      </CustomProperties>
    </Properties>
  </Attribute>
  <Attribute Name="postTown" IsUpdateable="0" Type="java.lang.String">
    <Properties>
      <CustomProperties>
        <Property Name="originalName" Value="postTown"/>
        <Property Name="LeafElement_hint" Value="LeafElement_no_attribute"/>
        <Property Name="minLength" Value="1"/>
        <Property Name="nextSiblingNamespace"
                  Value="http://virginmedia/schema/Location"/>
        <Property Name="nextSibling" Value="postCode"/>
        <Property Name="nillable" Value="false"/>
        <Property Name="LABEL" Value="Post Town"/>
        <Property Name="maxOccurs" Value="1"/>
        <Property Name="type" Value="java.lang.String"/>
        <Property Name="targetNamespace"
                  Value="http://virginmedia/schema/Location"/>
        <Property Name="maxLength" Value="35"/>
        <Property Name="minOccurs" Value="1"/>
      </CustomProperties>
    </Properties>
  </Attribute>
  <Attribute Name="postCode" IsUpdateable="0" Type="java.lang.String">
    <Properties>
      <CustomProperties>
        <Property Name="maxLength" Value="20"/>
        <Property Name="minOccurs" Value="1"/>
        <Property Name="maxOccurs" Value="1"/>
        <Property Name="LABEL" Value="Post Code"/>
        <Property Name="minLength" Value="1"/>
        <Property Name="LeafElement_hint" Value="LeafElement_no_attribute"/>
        <Property Name="nillable" Value="false"/>
        <Property Name="originalName" Value="postCode"/>
        <Property Name="targetNamespace"
                  Value="http://virginmedia/schema/Location"/>
        <Property Name="type" Value="java.lang.String"/>
      </CustomProperties>
    </Properties>
  </Attribute>
</JavaBean>
