<?xml version="1.0" encoding="UTF-8" ?>
<JavaBean xmlns="http://xmlns.oracle.com/adfm/beanmodel" version="11.1.1.61.92"
          id="GeographicSite"
          Package="NotifyInventoryChange_Humantask_ConfirmOrder"
          BeanClass="NotifyInventoryChange_Humantask_ConfirmOrder.GeographicSite"
          isJavaBased="false">
  <Attribute Name="code" IsUpdateable="0" Type="java.lang.String">
    <Properties>
      <CustomProperties>
        <Property Name="nextSiblingNamespace"
                  Value="http://virginmedia/schema/Location"/>
        <Property Name="nextSibling" Value="id"/>
        <Property Name="minOccurs" Value="0"/>
        <Property Name="maxOccurs" Value="1"/>
        <Property Name="LABEL" Value="Code"/>
        <Property Name="LeafElement_hint" Value="LeafElement_no_attribute"/>
        <Property Name="nillable" Value="false"/>
        <Property Name="originalName" Value="code"/>
        <Property Name="targetNamespace"
                  Value="http://virginmedia/schema/Location"/>
        <Property Name="type" Value="java.lang.String"/>
      </CustomProperties>
    </Properties>
  </Attribute>
  <Attribute Name="id" IsUpdateable="0" Type="java.lang.String">
    <Properties>
      <CustomProperties>
        <Property Name="originalName" Value="id"/>
        <Property Name="LeafElement_hint" Value="LeafElement_no_attribute"/>
        <Property Name="minLength" Value="1"/>
        <Property Name="nextSiblingNamespace"
                  Value="http://virginmedia/schema/Location"/>
        <Property Name="nextSibling" Value="name"/>
        <Property Name="nillable" Value="false"/>
        <Property Name="LABEL" Value="Id"/>
        <Property Name="maxOccurs" Value="1"/>
        <Property Name="type" Value="java.lang.String"/>
        <Property Name="targetNamespace"
                  Value="http://virginmedia/schema/Location"/>
        <Property Name="maxLength" Value="10"/>
        <Property Name="minOccurs" Value="1"/>
      </CustomProperties>
    </Properties>
  </Attribute>
  <Attribute Name="name" IsUpdateable="0" Type="java.lang.String">
    <Properties>
      <CustomProperties>
        <Property Name="nextSiblingNamespace"
                  Value="http://virginmedia/schema/Location"/>
        <Property Name="nextSibling" Value="status"/>
        <Property Name="minOccurs" Value="0"/>
        <Property Name="maxOccurs" Value="1"/>
        <Property Name="LABEL" Value="Name"/>
        <Property Name="LeafElement_hint" Value="LeafElement_no_attribute"/>
        <Property Name="nillable" Value="false"/>
        <Property Name="originalName" Value="name"/>
        <Property Name="targetNamespace"
                  Value="http://virginmedia/schema/Location"/>
        <Property Name="type" Value="java.lang.String"/>
      </CustomProperties>
    </Properties>
  </Attribute>
  <Attribute Name="status" IsUpdateable="0" Type="java.lang.String">
    <Properties>
      <CustomProperties>
        <Property Name="minOccurs" Value="0"/>
        <Property Name="maxOccurs" Value="1"/>
        <Property Name="LABEL" Value="Status"/>
        <Property Name="LeafElement_hint" Value="LeafElement_no_attribute"/>
        <Property Name="nillable" Value="false"/>
        <Property Name="originalName" Value="status"/>
        <Property Name="targetNamespace"
                  Value="http://virginmedia/schema/Location"/>
        <Property Name="type" Value="java.lang.String"/>
        <Property Name="enumeration" Value="[planned, existing, former]"/>
      </CustomProperties>
    </Properties>
  </Attribute>
</JavaBean>
