<?xml version="1.0" encoding="UTF-8" ?>
<JavaBean xmlns="http://xmlns.oracle.com/adfm/beanmodel" version="11.1.1.61.92"
          id="GeographicPlace"
          Package="NotifyInventoryChange_Humantask_ConfirmOrder"
          BeanClass="NotifyInventoryChange_Humantask_ConfirmOrder.GeographicPlace"
          isJavaBased="false">
  <AccessorAttribute id="GeographicSite" IsCollection="true"
                     BeanClass="NotifyInventoryChange_Humantask_ConfirmOrder.GeographicSite"
                     CollectionBeanClass="NotifyInventoryChange_Humantask_ConfirmOrder.GeographicSite_GeographicSite_Operations">
    <Properties>
      <Property Name="nextSiblingNamespace"
                Value="http://virginmedia/schema/Location"/>
      <Property Name="nextSibling" Value="GeographicAddress"/>
      <Property Name="minOccurs" Value="0"/>
      <Property Name="maxOccurs" Value="1"/>
      <Property Name="LABEL" Value="Geographic Site"/>
      <Property Name="nillable" Value="false"/>
      <Property Name="originalName" Value="GeographicSite"/>
      <Property Name="targetNamespace"
                Value="http://virginmedia/schema/Location"/>
    </Properties>
  </AccessorAttribute>
  <AccessorAttribute id="GeographicAddress" IsCollection="true"
                     BeanClass="NotifyInventoryChange_Humantask_ConfirmOrder.GeographicAddress"
                     CollectionBeanClass="NotifyInventoryChange_Humantask_ConfirmOrder.GeographicAddress_GeographicAddress_Operations">
    <Properties>
      <Property Name="minOccurs" Value="0"/>
      <Property Name="maxOccurs" Value="2147483640"/>
      <Property Name="LABEL" Value="Geographic Address"/>
      <Property Name="nillable" Value="false"/>
      <Property Name="originalName" Value="GeographicAddress"/>
      <Property Name="targetNamespace"
                Value="http://virginmedia/schema/Location"/>
    </Properties>
  </AccessorAttribute>
</JavaBean>
