<?xml version="1.0" encoding="UTF-8" ?>
<JavaBean xmlns="http://xmlns.oracle.com/adfm/beanmodel" version="11.1.1.61.92"
          id="GeographicAddress"
          Package="NotifyInventoryChange_Humantask_ConfirmOrder"
          BeanClass="NotifyInventoryChange_Humantask_ConfirmOrder.GeographicAddress"
          isJavaBased="false">
  <Attribute Name="type" IsUpdateable="0" Type="java.lang.String">
    <Properties>
      <CustomProperties>
        <Property Name="originalName" Value="type"/>
        <Property Name="LeafElement_hint" Value="LeafElement_no_attribute"/>
        <Property Name="minLength" Value="1"/>
        <Property Name="nextSiblingNamespace"
                  Value="http://virginmedia/schema/Location"/>
        <Property Name="nextSibling" Value="Country"/>
        <Property Name="enumeration" Value="[billing, postal, company, other]"/>
        <Property Name="nillable" Value="false"/>
        <Property Name="LABEL" Value="Type"/>
        <Property Name="maxOccurs" Value="1"/>
        <Property Name="type" Value="java.lang.String"/>
        <Property Name="targetNamespace"
                  Value="http://virginmedia/schema/Location"/>
        <Property Name="minOccurs" Value="0"/>
      </CustomProperties>
    </Properties>
  </Attribute>
  <AccessorAttribute id="PostalDeliveryAddress" IsCollection="true"
                     BeanClass="NotifyInventoryChange_Humantask_ConfirmOrder.Address"
                     CollectionBeanClass="NotifyInventoryChange_Humantask_ConfirmOrder.Address_PostalDeliveryAddress_Operations">
    <Properties>
      <Property Name="nextSiblingNamespace"
                Value="http://virginmedia/schema/Location"/>
      <Property Name="nextSibling" Value="type"/>
      <Property Name="minOccurs" Value="1"/>
      <Property Name="maxOccurs" Value="1"/>
      <Property Name="LABEL" Value="Postal Delivery Address"/>
      <Property Name="nillable" Value="false"/>
      <Property Name="originalName" Value="PostalDeliveryAddress"/>
      <Property Name="targetNamespace"
                Value="http://virginmedia/schema/Location"/>
    </Properties>
  </AccessorAttribute>
  <AccessorAttribute id="Country" IsCollection="true"
                     BeanClass="NotifyInventoryChange_Humantask_ConfirmOrder.Country"
                     CollectionBeanClass="NotifyInventoryChange_Humantask_ConfirmOrder.Country_Country_Operations">
    <Properties>
      <Property Name="minOccurs" Value="0"/>
      <Property Name="maxOccurs" Value="1"/>
      <Property Name="LABEL" Value="Country"/>
      <Property Name="nillable" Value="false"/>
      <Property Name="originalName" Value="Country"/>
      <Property Name="targetNamespace"
                Value="http://virginmedia/schema/Location"/>
    </Properties>
  </AccessorAttribute>
</JavaBean>
