<?xml version="1.0" encoding="UTF-8" ?>
<JavaBean xmlns="http://xmlns.oracle.com/adfm/beanmodel" version="11.1.1.61.92"
          id="getTaskDetails"
          Package="NotifyInventoryChange_Humantask_ConfirmOrder"
          BeanClass="NotifyInventoryChange_Humantask_ConfirmOrder.getTaskDetails"
          isJavaBased="false">
  <AccessorAttribute id="task" IsCollection="true"
                     BeanClass="NotifyInventoryChange_Humantask_ConfirmOrder.task"
                     CollectionBeanClass="NotifyInventoryChange_Humantask_ConfirmOrder.getTaskDetails_Operations">
    <Properties>
      <Property Name="minOccurs" Value="1"/>
      <Property Name="maxOccurs" Value="1"/>
      <Property Name="LABEL" Value="Task"/>
      <Property Name="nillable" Value="false"/>
      <Property Name="originalName" Value="task"/>
      <Property Name="targetNamespace"
                Value="http://xmlns.oracle.com/bpel/workflow/task"/>
    </Properties>
  </AccessorAttribute>
</JavaBean>
